Card Name	Link	Quote attribution	Quote	Citation	Extra notes	Framing Issue	Damage Issue	Color Issue	Upscaled?	Working on	Proposed change location in drive	Art Pass Finished
Archer	https://upload.wikimedia.org/wikipedia/commons/c/cd/Hendrick_Joseph_Dillens_-_Archer_the_Winner_-_WGA06348.jpg	Andrew	\`Please just a little more^! This dream is too sweet for\rwaking^!\` Didn't you know all dreams end?	N/A	Muppet Christmas Carol: Scrooge's Grave - YouTube	 	 	 	x	 		1
Archer2	https://upload.wikimedia.org/wikipedia/commons/4/48/George_Douglas%2C_16th_Earl_of_Morton_%281761-1827%29_by_William_Beechey%2C_%28Burford%2C_Oxforshire_1753-1839_London%29.jpg	robin hood	\`He was a good outlaw, and did poor men much\rgood.\`	https://www.sacred-texts.com/neu/eng/child/ch117.htm	https://en.wikipedia.org/wiki/Ghost_of_Christmas_Yet_to_Come#:~:text=The%20Spirit%20stood%20among%20the%20graves	 	 	 	x	 		1
Armada	https://upload.wikimedia.org/wikipedia/commons/2/2a/Battle_of_Scheveningen_%28Slag_bij_Ter_Heijde%29%28Jan_Abrahamsz._Beerstraten%29.jpg	King James Bible	I will make thee a terror, and thou shall be no more:\rthough sought for, thou shall never be found again.	https://www.kingjamesbibleonline.org/Ezekiel-26-21/	The Spirit stood among the graves, and pointed down to One, Scrooge crept towards it, trembling as he went; and following the finger, read upon the stone of the neglected grave his own name	shift up	 	 	x	 		1
Armada2	https://upload.wikimedia.org/wikipedia/commons/c/cc/Spanish_Armada.jpg	Andrew	\`And they called it a fleet... Ha^! Nothing more than\ra heap of ash and squandered silver.\`	N/A		shift up?	 	 	x	 		1
Assassin	Andrew Wollack	Ceasar	\`Et tu brute?\`	original quotation		shift left?	 	 	x	 		1
Assault	https://upload.wikimedia.org/wikipedia/commons/3/3f/%D0%A4%D1%80%D0%B0%D0%BD%D1%86_%D0%A0%D1%83%D0%B1%D0%BE_-_%D0%A8%D1%82%D1%83%D1%80%D0%BC_%D0%93%D0%B8%D0%BC%D1%80%D0%BE%D0%B2_17_%D0%BE%D0%BA%D1%82%D1%8F%D0%B1%D1%80%D1%8F_1832_%D0%B3.jpg	Mozart	Doomed to flames of woe;\rOur lady of sorrows.	https://en.wikipedia.org/wiki/Dies_irae#:~:text=When%20the%20wicked%20are%20confounded%2C%0ADoomed%20to%20flames%20of%20woe%20unbounded%2C			 	 	x	 		1
Assault2	https://upload.wikimedia.org/wikipedia/commons/1/1f/Suchodolski_Assault_on_Saragossa.jpg	Shakespear (Julius Caesar)	A brave man dies but once,\rA coward daily.	William Shakespeare, Julius Caesar		shift up?	 	 	x	 		1
Assault3	1310_Rhodes.jpg (2884×2138) (wikimedia.org)	Gospel of thomas written ~100 years after mark discovered in the 40's	The Kingdom of Heaven is spread out over the earth,\rand men cannot see it.	https://www.gospels.net/thomas#:~:text=Father%27s%20kingdom%20is%20already%20spread%20out%20over%20the%20earth%2C%20and%20people%20don%27t%20see%20it.%22		 	 	 	x	 		1
Bowman	https://upload.wikimedia.org/wikipedia/commons/thumb/3/3a/Portrait_of_a_Man_Holding_a_Crossbow.jpg/640px-Portrait_of_a_Man_Holding_a_Crossbow.jpg	Andrew	They said he could hit an apple off her head,\rbut she was rude and he was peckish.	N/A		 	blurry?	 	x			1
Bowman2	https://upload.wikimedia.org/wikipedia/commons/8/8b/Auguste_Serrure_-_The_victory_of_the_crossbow_shooter.jpg	Andrew	Tick Tick Tick, Clunk, Thwap, Bullseye^!	N/A		 	 	 	x			1
Burden	https://upload.wikimedia.org/wikipedia/commons/5/55/Atlas_holding_up_the_celestial_globe_-_Guercino_%281646%29.jpg	Andrew, Nathaniel Hawthorn	\`More weight^!\` His captors hoisted another stone\ronto his buckeling ribs.\r\`More weight^!\`	https://en.wikisource.org/wiki/The_Thoughts_of_the_Emperor_Marcus_Aurelius_Antoninus/Book_VI#:~:text=If%20a%20thing%20is%20difficult%20to%20be%20accomplished%20by%20thyself%2C%20do%20not%20think%20that%20it%20is%20impossible%20for%20man		 	blurry?	desaturate nipples	x			1
Calvary	https://upload.wikimedia.org/wikipedia/commons/e/e3/Scotland_Forever%21.jpg	The Polish King after the charge of the winged hussars at vienna	It is a victory which past centuries have never heard,\rinestimable riches have fallen into our hands and\rcountless of the enemy lie slain.	Jan III Sobieski: Listy do królowej Marysieńki (ug.edu.pl)		 	 	 	x			1
Calvary2	https://upload.wikimedia.org/wikipedia/commons/1/10/Detaille_4th_French_hussar_at_Friedland.jpg	bible, cannot find an actual verse for this	Seven trumpets will sound before the end of the age\rand we will be chosen^!	N/A		shift right?	 	 	x			1
Calvary3	https://upload.wikimedia.org/wikipedia/commons/2/24/Detaille_-_La_Charge.jpg	https://en.wikipedia.org/wiki/Gondola_no_Uta	Fall in love dear maiden, while your lips are red,\rbefore you are cold, for there will be no tomorrow.	unclear what the first translation of this into english is		 	 	washed out	x			1
Cannon	https://upload.wikimedia.org/wikipedia/commons/c/c7/Haestra%2C_Leendert_Maertensz_van_-_Canon_in_front_of_a_guard.jpg	Newton most likely said this in reference to the interpretation by scholars of biblical texts ( adding meaning to verse where the meaning is plain)	Truth is ever to be found in simplicity, and not in\rthe multiplicity and confusion of things.	https://archive.org/details/religionofisaacn0000manu/page/120/mode/2up?view=theater    https://en.wikiquote.org/wiki/Isaac_Newton 	I do not know what I may appear to the world, but to myself I seem to have been only like a boy playing on the sea-shore, and diverting myself in now and then finding a smoother pebble or a prettier shell than ordinary, whilst the great ocean of truth lay all undiscovered before me.	shift right?	 	a bit yellow/green	x			1
Cannon2	https://upload.wikimedia.org/wikipedia/commons/3/39/Galli%C3%A9ni_Roybet_d%C3%A9tail_Illustration.jpg	Alfred Nobel	Dynamite will sooner lead to peace than a thousand\rworld conventions.	Alfred Nobel - Wikiquote		shift left?	grainy	 	x			1
Cannon3	https://upload.wikimedia.org/wikipedia/commons/9/95/Jehan-Georges_Vibert_-_On_the_ramparts.jpg	Andrew	\`All the guns of Orban could not match our\rfirepower^!\`	N/A		flip horizontally?	cracked	 	x			1
Cannon4	https://upload.wikimedia.org/wikipedia/commons/6/67/Christian_Sell_Belagerung_von_Breisach.jpg	Napoleon	If they want peace, nations should avoid the\rpin-pricks that precede cannon shots.	https://en.wikiquote.org/wiki/Talk:Napoleon_Bonaparte#Sources?		 	 	too saturated?	x			1
Catapult	https://commons.wikimedia.org/wiki/File:Catapulta_by_Edward_Poynter.jpg	Scipio Aemilianus	Scipio wept for Carthage.\r\`A day will come when sacred Troy shall perish,\r And Priam and his people shall be slain.\`	Polybius • Histories — Book 38 (uchicago.edu)		 	 	 	x			1
ClearSkies	https://commons.wikimedia.org/wiki/File:Sandro_Botticelli_-_La_nascita_di_Venere_-_Google_Art_Project_-_edited.jpg	Shakespeare (hamlet)	Doubt the stars are fire; Doubt the sun doth move;\rDoubt truth to be a liar; But never doubt I love.	original quotation		 	 	 	x			1
Crusade	https://commons.wikimedia.org/wiki/File:Gregorythegreat.jpg	Andrew, various	Deus Vult^!	N/A		shift down?	 	 	x			1
Crusader	https://upload.wikimedia.org/wikipedia/commons/a/aa/Hugues_de_Payens_%28Versailles%29FXD.jpg	Nachmanides letter to his son	The more holy the city the greater the desolation.\rJerusalem is the most desolate of all.	I'm pretty sure we can use this since I cannot find the original source of the translation or the original letter, and lots of people quote it on the internet, but i am unsure if it seems too risky go with second quote https://en.wikipedia.org/wiki/Ramban_Synagogue#cite_note-JM_LD-10:~:text=Alleged%20letter%20by%20Nachmanides		shift down?	 	 	x			1
Death	https://commons.wikimedia.org/wiki/File:Carstian_Luyckx_-_Vanitas_Still_Life_with_Musical_Instruments,_Sheet_Music,_Books,_a_Skeleton,_Skulls_and_Armour.jpg	Andrew	The dream fades, the curtain falls;\rThe first act as distant as the last.	William Shakespeare quotes about death - Wikiquote      		 	 Speckle cleanup		x			1
Death2	https://upload.wikimedia.org/wikipedia/commons/7/71/Circle_of_Jan_Brueghel_the_Younger_-_Juno%27s_arrival_in_Hades.jpg	Andrew, various	Remember that all men must die.	N/A		 	 	shadow to separate skeleton from background?	x			1
EmperorDemise	https://upload.wikimedia.org/wikipedia/commons/a/aa/Battle_of_Lutzen.jpg	Gustavus Adolphus	War is not a river, or a lake,\rbut an ocean of all that is evil.	unlikely to find where this is translated from		shift up	 	emperor is washed out	x			1
Enlightenment	https://en.wikipedia.org/wiki/File:Wright_of_Derby,_The_Orrery.jpg	Pascal	Unless we love the truth, we cannot know it.	Blaise Pascal/Of the Geometrical Spirit - Wikisource, the free online library	reason accumulates without ceasing, whilst instinct remains always the same	 	 	 	x			1
Execution	https://upload.wikimedia.org/wikipedia/commons/e/e1/Marie_Antoinette_on_the_way_to_her_execution.jpg	Tale of two cities	\`It is a far far better thing I do than I have ever done;\rit is a far far better rest I go to than I have ever\rknown.\`	original quotation		 	 	 	x			1
Famine	https://upload.wikimedia.org/wikipedia/commons/thumb/8/82/Francisco_de_Goya%2C_Saturno_devorando_a_su_hijo_%281819-1823%29.jpg/1200px-Francisco_de_Goya%2C_Saturno_devorando_a_su_hijo_%281819-1823%29.jpg	The Theogony of Hesiod (1914)	Gnawing, gnashing, tearing, cracking:\rThe bones of gods break too.	https://www.sacred-texts.com/cla/hesiod/theogony.htm#:~:text=These%20great%20Cronos%20swallowed%20as	 	shift down?	 	 	x			1
Fate	https://upload.wikimedia.org/wikipedia/commons/9/93/Siege-alesia-vercingetorix-jules-cesar.jpg	Ceasar, Andrew	The die is cast. Or is it?	original quotation, maybe shakespeare		 	 	 	x			1
Feast2	https://upload.wikimedia.org/wikipedia/commons/7/72/A_Boyar_Wedding_Feast_%28Konstantin_Makovsky%2C_1883%29_Google_Cultural_Institute.jpg	The Black Douglas (novel) - Wikipedia	A Black Boar's head was set upon the table and \rall thoughts of matrimony turned to murder.	https://www.gutenberg.org/files/17733/17733-h/17733-h.htm#CHAPTER_LVII:~:text=%22And%20now%2C%22%20cried%20the%20Earl%2C%20facing%20the%20array%20of%20armed%20men%20who%20thronged%20the%20banquet%2Dhall%2C%20%22what%20would%20ye%20with%20the%20Douglas%3F%20Do%20ye%20mean%20my%20death%2C%20as%20by%20the%20Bull%27s%20Head%20here%20on%20the%20table%20ye%20would%20have%20me%20believe%3F%22		shift or change art? (table with food not visible)	there are some green specks in the SD version	 	x			1
Feast3	https://upload.wikimedia.org/wikipedia/commons/d/d7/Strobel-bautista.jpg	Andrew	In the concert of Europe only the players change,\rthe instruments are forever death and cruelty.	N/A		shift or change art? (table with food not visible)	 	 	x			1
Feint	https://upload.wikimedia.org/wikipedia/commons/b/ba/La_bataille_d%27Austerlitz._2_decembre_1805_%28Fran%C3%A7ois_G%C3%A9rard%29.jpg	Sun Tsu	Let your plans be dark and impenetrable as the\rnight. When you move, fall like a thunderbolt.	https://www.gutenberg.org/files/132/132-h/132-h.htm#:~:text=Let%20your%20plans%20be%20dark%20and%20impenetrable%20as%20night%2C%20and%20when%20you%20move%2C%20fall%20like%20a%20thunderbolt.		 	 	 	x			1
Fog	https://useum.org/artwork/In-a-Fog-David-Farquharson-1897	Andrew	\`You can't see which way is up in here^!\`	N/A		 	cracking	 	x			1
Fortress	https://commons.wikimedia.org/wiki/File:Bernardo_Bellotto,_The_Fortress_of_K%C3%B6nigstein,_1756-1758,_NGA_80924.jpg	Andrew	Crash against our walls and recede like waves.	N/A		fortress will be clipped by safe zone	 	 	x			1
Frost	https://americanillustration.org/project/frank-schoonover/	Jack London to build a fire	The proper function of man is to live, not to exist.	No Time to Die eulogy quote and its importance explained (hitc.com)		shift left?	 	 	x			1
Grail	https://upload.wikimedia.org/wikipedia/commons/c/c5/Barker--Faithful_Knight--Museums_Sheffield.jpg	Tennyson Idylls of the King	What is it? The phantom of a cup that comes and\rgoes?	https://en.wikiquote.org/wiki/Holy_Grail#:~:text=Holy%20Grail!%20%E2%80%94%0A%E2%80%A6-,What%20is%20it%3F%0AThe%20phantom%20of%20a%20cup%20that%20comes%20and%20goes%3F,-%22The%20Holy%20Grail		shift left	 	 	x			1
Grenadier	https://upload.wikimedia.org/wikipedia/commons/8/83/Grenadier-a-pied-de-la-Vieille-Garde.png	French soldiers at waterloo	\`The guard die, but do not surrender^!\`	https://en.wikipedia.org/wiki/Imperial_Guard_(Napoleon_I)#:~:text=The%20phrase%20%22,2%5D%5B3%5D		 		 	x			1
Grenadier2	https://upload.wikimedia.org/wikipedia/commons/9/93/Horace_Vernet_%281789-1863%29_-_A_Grenadier_of_the_Guard_at_Elba_-_P367_-_The_Wallace_Collection.jpg	Alexis de toqville (1840)	We are sleeping on a volcano. Can't you hear how\rthe earth shakes? The winds of revolt blow,\rthe storm is on the horizon.	https://en.wikiquote.org/wiki/Alexis_de_Tocqueville#:~:text=Ne%20voyez%2Dvous%20pas%20que%20la%20terre		 	blurry	 	x			1
Halberdier	https://upload.wikimedia.org/wikipedia/commons/1/13/Pontormo_%28Jacopo_Carucci%29_%28Italian%2C_Florentine%29_-_Portrait_of_a_Halberdier_%28Francesco_Guardi%3F%29_-_Google_Art_Project.jpg	See Death card	A man is an empty vase, a putrid vessel full of dregs\rand terror.	See Death card		shrink image, extend artwork manually	 	 	x			1
Jester	https://upload.wikimedia.org/wikipedia/commons/7/78/Jan_Matejko%2C_Sta%C5%84czyk.jpg	Edgar Allen Poe	I have become insane, with long interludes of\rhorrible sanity.	https://en.wikiquote.org/wiki/Insanity#:~:text=I%20became%20insane%2C%20with%20long%20intervals%20of%20horrible%20sanity.		 	some damage, esp. on face	 	x			1
Juggernaut	https://upload.wikimedia.org/wikipedia/commons/0/0f/F0440_Louvre_JL_David_Sabines_INV3691_rwk.jpg	Phillip of Macedon to Spartan emissaries	\`If I enter Sparta, you will be destroyed, never to\rrise again.\`\r\`If.\`	http://www.perseus.tufts.edu/hopper/text?doc=Perseus%3Atext%3A2008.01.0288%3Asection%3D17#:~:text=If%20once%20I%20enter%20into%20your%20territories%2C%20I%20will%20destroy%20ye%20all%2C%20never%20to%20rise%20again%3B%20they%20answered%20him%20with%20the%20single%20word%2C%20If.		change art? (main figure is cut off and can't be shifted up. also there is nudity, in case that is a concern)	 	 	x			1
Knight	https://upload.wikimedia.org/wikipedia/commons/d/d3/Leighton-God_Speed%21.jpg	Eurydice by Hilda Doolittle 1903	Before I am lost, hell must open like a red rose,\rfor the dead to pass.	"Eurydice" by H.D.-- Study Text (vcu.edu)		 	 	 	x			1
Knight10	https://upload.wikimedia.org/wikipedia/commons/8/84/Man_in_Armor.jpg	Andrew	Is it so wrong to kill a tryant? Better to be hanged a\rtraitor than to live half a man.	N/A		 	 	 	dont think it helps			1
Knight11	https://upload.wikimedia.org/wikipedia/commons/7/71/Titian_Portrait_of_Alfonso_d%27Avalos%2C_Marchese_del_Vasto%2C_in_Armor_with_a_Page_Getty_Museum.jpg	Shakespeare Henery V	If it be a sin to covet honour, I am the most\roffending soul alive.	https://en.wikipedia.org/wiki/St_Crispin%27s_Day_Speech#:~:text=But%20if%20it%20be%20a%20sin%20to%20covet%20honour%2C%0AI%20am%20the%20most%20offending%20soul%20alive.		shift down	 	 	x			1
Knight12	https://upload.wikimedia.org/wikipedia/commons/d/db/Anthony_van_Dyck_-_Portrait_of_a_A_Man_in_Armor_-_Google_Art_Project.jpg	Edward young night thoughts	We bleed, we tremble; we forget, we smile.\rThe mind turns fool, before the cheek is dry.	https://en.wikiquote.org/wiki/Foolishness#:~:text=We%20bleed%2C%20we%20tremble%3B%20we%20forget%2C%20we%20smile%E2%80%94%0AThe%20mind%20turns%20fool%2C%20before%20the%20cheek%20is%20dry.		shift down	damage in shadows	 	x			1
Knight3	https://upload.wikimedia.org/wikipedia/commons/7/72/Portrait_of_a_Young_Bearded_Man_Wearing_Armor_by_Tintoretto.jpg	Epicurus	The folly of man is to pray for what he can obtain of\rhis own deeds.			shift left?	 	 	x			1
Knight4	https://upload.wikimedia.org/wikipedia/commons/e/e1/Portrait_of_Alof_de_Wignacourt_and_his_Page-Caravaggio_%281607-1608%29.jpg	Gawayne and the Green Knight, Andrew	He took up the grim tool and lopped off the Green\rKnight's head. It rolled to its owner and spoke:\r\`One year hence Gawain^! a blow for a blow^!\`	The Project Gutenberg eBook of Sir Gawayne and The Green Knight	The Green Chapel is just over the crest Gawayne, can you repay the debt you've stolen?	shift right? boy might be clipped by safe zone	 	 	x			1
Knight5	https://upload.wikimedia.org/wikipedia/commons/1/1b/TheKnightAtTheCrossroads.jpg	Andrew	Seed, Flower, Petal, Dirt.\rLife springs anew.	N/A		shift left?	 	 	x	x		1
Knight6	https://upload.wikimedia.org/wikipedia/commons/d/dd/Die_drei_Bogatyr.jpg	Marcus Arelius, maybe too specific to the translation I read	The freedom to choose,\rThat no man can take away;\rnot Caesar, not Commodus, not God himself.			 	 	 	x			1
Knight7	https://upload.wikimedia.org/wikipedia/commons/a/a1/Portrait_of_a_Man_in_Armor_with_Two_Pages_MET_DT10686.jpg	Crime and Punishment	\`You're a gentleman,\` they used to say.\r\`You shouldn't hack men down with an axe;\rthat's not a gentleman's work.\`	https://www.gutenberg.org/cache/epub/2554/pg2554-images.html#:~:text=%E2%80%9CYou%E2%80%99re%20a%20gentleman%2C%E2%80%9D%20they%20used%20to%20say.%20%E2%80%9CYou%20shouldn%E2%80%99t%20hack%20about%20with%20an%20axe%3B%20that%E2%80%99s%20not%20a%20gentleman%E2%80%99s%20work.%E2%80%9D		change art? (I think figure needs to be shifted down ~ 20%, which might be a lot of work. might be easier to start over)	 	 	x			1
Knight9	https://upload.wikimedia.org/wikipedia/commons/f/f1/Portrait_of_a_man_in_armor_%28Titian%29.jpg	Shakespeare Henery V	\`We few, we happy few, we band of brothers;\rHe that sheds his blood with me shall be my brother;\rFrom this day to the ending of the world.\`	https://en.wikipedia.org/wiki/St_Crispin%27s_Day_Speech#:~:text=But%20if%20it%20be%20a%20sin%20to%20covet%20honour%2C%0AI%20am%20the%20most%20offending%20soul%20alive.		shift down	 	 	x			1
Landsknecht	https://upload.wikimedia.org/wikipedia/commons/7/7c/Marie_M%C3%BCller_Landsknecht.jpg	Andrew	\`Landsknecht LandSTRIKE^!\`	N/A		shift down	 	 	x			1
LionKing	https://upload.wikimedia.org/wikipedia/commons/2/22/Attributed_to_Jacob_Hoefnagel_-_Gustavus_Adolphus%2C_King_of_Sweden_1611-1632_-_Google_Art_Project.jpg	Gustavus Adolphus	\`You may earn salvation under my command,\rbut hardly riches.\`	there is no findable original translation		shift down or right	 	 	x			1
Militia	https://upload.wikimedia.org/wikipedia/commons/4/43/Chouans_%28Paul_Grolleron%29.jpg	Andrew	A well placed shot can change the course of nations.	N/A		 	 	subject is dark	x			1
Minister	https://upload.wikimedia.org/wikipedia/commons/5/5c/Champaigne_portrait_richelieu_eb.jpg	Shakespeare (richard III)	Though I did wish him dead, I hate the murd'rer,\rlove him murdered.	original quotation		shift down	 	 	x			1
Mortar	https://upload.wikimedia.org/wikipedia/commons/a/a2/Monster_mortar_-_Liege_-_Antwerp_1832_-_crop.jpg	reference to berserk, unsure if safe	Too big to be called a gun.\rMore like a large hunk of iron.			shift right, cannon will be clipped by safe zone	 	 	x			1
Musketeer	https://artvee.com/dl/the-musketeer-2/	Plutarc Sayings of the spartans Loeb Classical Library edition, 1931	What dire fate could be ours if we have no fear of\rdeath?	http://penelope.uchicago.edu/Thayer/E/Roman/Texts/Plutarch/Moralia/Sayings_of_Spartans*/main.html#:~:text=What%20dire%20fate%20could%20be%20ours%20if%20we%20have%20no%20fear%20of%20death%3F		shift down	 	 	x			1
Musketeer2	https://upload.wikimedia.org/wikipedia/commons/5/51/Jean_Louis_Ernest_Meissonier_%281815-1891%29_-_A_Musketeer%2C_Time_of_Louis_XIII_-_P332_-_The_Wallace_Collection.jpg	the three musketeers (alexander dumas)	All for one and one for all,\runited we stand divided we fall.	https://www.gutenberg.org/cache/epub/1257/pg1257-images.html		 		 	x			1
Musketeer3	https://upload.wikimedia.org/wikipedia/commons/thumb/1/18/Jos%C3%A9_Llaneces.jpg/640px-Jos%C3%A9_Llaneces.jpg	Alexandre Dumas, The Count of Monte Cristo	He shall cease to live, or I shall die.\rMine shall be a splendid funeral^!	https://www.gutenberg.org/cache/epub/1184/pg1184-images.html#:~:text=guilty%2C%20he%20shall%20cease		 	 	 	x			1
MusketLine	https://upload.wikimedia.org/wikipedia/commons/9/9a/Hohenfriedeberg_-_Attack_of_Prussian_Infantry_-_1745.jpg	often attributted to Voltaire or Count Mirabeau but likely of unknown origin	Where some states have an army,\rthe Prussian Army has a state.	https://lists.h-net.org/cgi-bin/logbrowse.pl?trx=vx&list=H-War&month=0907&week=b&msg=fB4vd1ZikUOS9D6ySOmO5Q		shift left or right, safe zone is going to clip the man on far left	 	 	x			1
Offering	https://commons.wikimedia.org/wiki/File:Francisco_de_Zurbar%C3%A1n_006.jpg	Crime and Punishment	New life can not be given nothing, it would cost him:\rgreat striving, great suffering.	https://www.gutenberg.org/cache/epub/2554/pg2554-images.html#:~:text=the%20new%20life%20would%20not%20be%20given%20him%20for%20nothing%2C%20that%20he%20would%20have%20to%20pay%20dearly%20for%20it%2C%20that%20it%20would%20cost%20him%20great%20striving%2C%20great%20suffering.		 	 	 	x			1
Officer	https://upload.wikimedia.org/wikipedia/commons/d/d7/Detaille_-_Artillerie_%C3%A0_cheval_de_la_Garde_Imperiale.jpg	Beilby Porteus	One murder makes a villain,\rMillions a hero.	https://www.eighteenthcenturypoetry.org/works/o4986-w0150.shtml#		 	some damage on blacks	 	x			1
Officer2	https://upload.wikimedia.org/wikipedia/commons/8/87/An_Officer_of_the_Imperial_Horse_Guards_Charging.jpg	Andrew	Men's ambition and innards strewn on the field,\rWe imagine ourselves a watchmaker and not a\rwatch.	N/A		shift right?	 	 	x			1
Officer3	https://upload.wikimedia.org/wikipedia/commons/f/f7/Detaille_-_Officers_from_a_Cuirassier_Regiment_in_front_of_a_Country_House.jpg	Thomas Paine, Common Sense	If there must be war, let it be in my day,\rthat my children might have peace.	https://www.ushistory.org/paine/crisis/c-01.htm#:~:text=give%20me%20peace%20in%20my,well%20applied%2C%20is%20sufficient%20to		shift up?	 	 	x			1
Officer4	https://upload.wikimedia.org/wikipedia/commons/5/5f/Jean_Baptiste_%C3%89douard_Detaille_-_A_Mounted_Officer_-_1894.1050_-_Art_Institute_of_Chicago.jpg	Andrew	They will know us by the roar of our cannons,\rand the fear they find in their hearts.	N/A		 	 	subject's chest is dark	x			1
Plague	https://upload.wikimedia.org/wikipedia/commons/c/c8/Antoine-Jean_Gros_-_Napoleon_Bonaparte_Visiting_the_Plague-stricken_at_Jaffa_-_WGA10702.jpg	Agnolo di Tura black death 1340's	No bells tolled, and no one wept, for every man\rexpected death; \`This is the end of the world^!\`	https://www.gutenberg.org/files/46954/46954-h/46954-h.htm#:~:text=the%20dead.%20No,fusse%20persona.		change art?	 	 	x			1
Privateer	https://upload.wikimedia.org/wikipedia/commons/f/fd/The_Blockade_of_the_Privateers%27_Nest_at_Dunkirk.jpg	Andrew	Beware the phantom dutchman, its crew and its\rcapitan; Beware ye reckless sailor, Beware the\rceaseless jailor^!	N/A			 	 	x			1
Privateer2	https://upload.wikimedia.org/wikipedia/commons/3/34/Willem_van_de_Velde_the_Younger_%281633-1707%29_-_An_English_Indiaman_Attacked_by_Three_Spanish_Privateers_-_RCIN_405154_-_Royal_Collection.jpg	Heart of Oak (1759)	\`Hearts of oak are our ships,\rHearts of oak are our men.\`	https://en.wikipedia.org/wiki/Heart_of_Oak#cite_note-4:~:text=Heart%20of%20oak%20are%20our%20ships%2C%20heart%20of%20oak%20are%20our%20men		shift left to avoid safe zone?	 	 	x	x		1
Privateer3	https://upload.wikimedia.org/wikipedia/commons/a/a4/Willem_van_de_Velde_the_Younger_%281633-1707%29_-_The_End_of_the_Action_between_the_English_Indiaman_and_Three_Spanish_Privateers_-_RCIN_405155_-_Royal_Collection.jpg	The Wellerman (1800's)	\`Soon may the Wellerman come; To bring us sugar\rand tea and rum. One day, when the tonguing is\rdone; We'll take our leave and go^!\`	N/A		 	 	 	x			1
Privateer4	https://upload.wikimedia.org/wikipedia/commons/7/77/A_Castro%2C_Lorenzo_-_A_Galley_of_Malta_-_Google_Art_Project.jpg	Andrew	We sail for Jerusalem for gold and glory;\rLeave faith to the Pope.	N/A		shift up	 	 	x			1
Redemption	https://upload.wikimedia.org/wikipedia/commons/7/7d/The_Crowning_with_Thorns-Caravaggio_%281602%29.jpg	Bible	\`Remember me, when you come into your kingdom.\`	https://www.kingjamesbibleonline.org/Luke-Chapter-23/#42		shift left due to safe zone	 	 	x			1
Relic	https://commons.wikimedia.org/wiki/File:Joaqu%C3%ADn_Sorolla_y_Bastida_-_La_Reliquia.jpg	king james bible	Ashes to ashes. Dust to dust. For thou art dust,\rAnd unto dust thou shall return.	https://www.kjvsayings.com/phrase/dust-thou-art-and-unto-dust-shalt-thou-return#		shift down?	damage on black robes	 	x			1
Resurrection	https://commons.wikimedia.org/wiki/File:Joan_of_Arc_-_John_Everett_Millais.jpg	Apologeticus	The blood of martyrs is the seed of the church.	https://en.wikipedia.org/wiki/Apologeticus#cite_ref-18 most likely translation is apocraphul		 	damage on shadows	 	x			1
Retreat	https://upload.wikimedia.org/wikipedia/commons/c/cc/Napoleons_retreat_from_moscow.jpg	Napoleon	Death is nothing, but to live defeated and inglorious\ris to die daily.	https://en.wikiquote.org/wiki/Talk:Napoleon_Bonaparte#Sources?		 change art to alternate? it is less cartoony	 	 	x			1
Riflemen	https://upload.wikimedia.org/wikipedia/commons/a/a2/Grolleron_Paul-Louis-Narcisse_-_Combat_d%27infanterie_sur_une_route%2C_1870_-_Soldats_du_24e_d%27infanterie_de_la_brigade_Micheler_Paris%2C_mus%C3%A9e_de_l%27Arm%C3%A9e.jpg	Andrew	The cannonshot rang all around, but we stood firm\rfor an empire of richer men.	N/A		 	 speckles on blue	 	x			1
Ruin	https://upload.wikimedia.org/wikipedia/commons/6/6f/Igorsvyat.jpg	Andrew	Doom has come to the empire.\rWe are fated for lesser days and lesser deeds.	N/A		shift up	 	 	x			1
Saboteur	https://upload.wikimedia.org/wikipedia/commons/b/b6/Great_Fire_London.jpg	Quote from hindenburg crash 1930's	\`Oh the Humanity^!\`	https://en.wiktionary.org/wiki/oh,_the_humanity		shift up	 	 	x			1
Sack	https://commons.wikimedia.org/wiki/File:Sack_of_Rome_by_the_Visigoths_on_24_August_410_by_JN_Sylvestre_1890.jpg	Pelagius (410) sack of rome translated 1883 https://en.wikipedia.org/wiki/Sack_of_Rome_(410)#cite_note-97	The slave and the noble: the same;\reverywhere the terror of death and slaughter.	https://en.wikipedia.org/wiki/Sack_of_Rome_(410)#cite_note-97		 	 needs upscale	 	x			1
Scout	https://upload.wikimedia.org/wikipedia/commons/6/6d/Remnants_of_an_army2.jpg	Art of war	If you know the enemy and know yourself,\ryou need not fear the result of a hundred battles.	https://www.gutenberg.org/files/132/132-h/132-h.htm#:~:text=18.%20Hence%20the%20saying%3A%20If%20you%20know%20the%20enemy%20and%20know%20yourself%2C%20you%20need%20not%20fear%20the%20result%20of%20a%20hundred%20battles.%20If%20you%20know%20yourself%20but%20not%20the%20enemy%2C%20for%20every%20victory%20gained%20you%20will%20also%20suffer%20a%20defeat.		zoom out	 	 	x			1
Shipwreck	https://upload.wikimedia.org/wikipedia/commons/e/ec/Claude-Joseph_Vernet_-_A_Shipwreck_in_Stormy_Seas_%28Temp%C3%AAte%29_-_c_1773_-_National_Gallery_UK.jpg	Andrew, various	\`Land^! Sweet Land^!\`	N/A		 	 	lots of damage	x			1
Siege	https://venice11.umwblogs.org/venice-and-the-fourth-crusade-of-1204/	Pope Nicholas V (1453) interesting the picture is from when venice sacked constantinople in 1200 but the quote is from when the turks finally took it over for good	All my life will be obscured by the doleful addition:\r'In his time Constantinople was taken and\rplundered.'	https://www.ccel.org/ccel/s/schaff/hcc6/cache/hcc6.pdf		 	 	 	x			1
Siege2	https://upload.wikimedia.org/wikipedia/commons/8/84/Vienna_Battle_1683.jpg	Andrew	Their guns sounded from dusk till dawn;\rbut we repelled them all.	N/A		 	 	 	x			1
Siege3	https://upload.wikimedia.org/wikipedia/commons/1/1e/Francisco_de_Zurbar%C3%A1n_014.jpg	Shakespeare (richard III)	\`A horse, A horse. My kingdom for a horse^!\`	original quotation		 	 	 	x			1
Smuggler	https://upload.wikimedia.org/wikipedia/commons/7/7c/The_moneylender_%28The_antique_dealer%29_%281853%29%2C_by_Domenico_Induno.jpg	Andrew	\`Trinkets and spices from the far reaches of the\rempire^!\` (Best not ask why the prices are so low.)	N/A		 	 	 	x			1
Soldier	https://upload.wikimedia.org/wikipedia/commons/d/db/Zouave_-_Grolleron.jpg	War and Peace Leo Tolstoy	\`Let the dead bury their dead, but while I have a life,\rI must live.\`	The Project Gutenberg eBook of War and Peace, by Leo Tolstoy		 	 	 	x			1
Soldier2	https://upload.wikimedia.org/wikipedia/commons/2/26/Paul_Grolleron_Wachposten.jpg	War and Peace Leo Tolstoy	If no one fought except on his own conviction,\rthere would be no wars	The Project Gutenberg eBook of War and Peace, by Leo Tolstoy		 	 	 	x			1
Spy	https://upload.wikimedia.org/wikipedia/commons/3/3a/Sir_Francis_Walsingham_by_John_De_Critz_the_Elder.jpg	Ben Franklin	Three may keep a secret, if two are dead.	https://en.wikiquote.org/wiki/Secrecy#:~:text=Daniel%2012%3A4,them%20are%20dead.		shift down	 	 	x			1
Square	https://commons.wikimedia.org/wiki/File:Wollen,_Battle_of_Quatre_Bras.jpg	King Agesilaus of Sparta, unsure if this version is under copyright but lots of people use it	The walls of Sparta were its men, and its borders\rthe points of their spears.	http://penelope.uchicago.edu/Thayer/E/Roman/Texts/Plutarch/Moralia/Sayings_of_Spartans*/main.html#:~:text=He%20used%20to%20say%20that%20the%20young%20men%20were%20the%20walls%20of%20Sparta%2C%20and%20the%20points%20of%20their%20spears%20its%20boundaries		 	 	 	x			1
Storm	https://upload.wikimedia.org/wikipedia/commons/f/f3/Rembrandt_Christ_in_the_Storm_on_the_Lake_of_Galilee.jpg	the Wipers Times 1918	Hell is not fire; Hell is mud.	need to find primary source		shift up	 		x			1
Styx	https://upload.wikimedia.org/wikipedia/commons/2/27/William_Bouguereau_-_Dante_and_Virgile_-_Google_Art_Project_2.jpg	Dante's Inferno	\`Not all the gold, that is beneath the moon,\rOr ever hath been, of these toil-worn souls\rMight purchase rest for one.\`	https://www.gutenberg.org/files/8800/8800-h/8800-h.htm#cantoI.19:~:text=Not%20all%20the%20gold%2C%20that%20is%20beneath%20the%20moon%2C%0AOr%20ever%20hath%20been%2C%20of%20these%20toil%2Dworn%20souls%0AMight%20purchase%20rest%20for%20one.		 	 	 	x			1
SunKing	https://upload.wikimedia.org/wikipedia/commons/6/6c/Louis_XIV_by_Juste_d%27Egmont.jpg	Louis 14	\`L'Etat, c'est moi.\`	original quotation propably apocraful https://en.wikiquote.org/wiki/Louis_XIV_of_France#:~:text=%5Bedit%5D-,L%27%C3%89tat%2C%20c%27est%20moi.,-I%20am%20the		 shift down	 	 	x			1
Telescope	https://upload.wikimedia.org/wikipedia/commons/7/7c/Still_life_with_telescopes_and_an_astrolabe%2C_an_hour_glass%2C_a_book_and_a_quill_by_Philippe_Rousseau.jpg	Galileo misquoted from Dialogue Concerning the two Chief World Systems (1632)	All truths are easy to understand once discovered;\rthe point is to discover them.	https://www.oxfordreference.com/display/10.1093/acref/9780191866692.001.0001/q-oro-ed6-00004705;jsessionid=46A8A7BEB6338204758215239CED6AA4#:~:text=So%20are%20all%20truths%2C%20once%20they%20are%20discovered		shift right, subject will be cut off by safe zone	 	 	x			1
TerrorKing	https://upload.wikimedia.org/wikipedia/commons/2/2b/Vasnetsov_Ioann_4.jpg	Leo Tolstoy, the death of Ivan Ilych's	A life most simple and most ordinary and therefore\rmost terrible.	https://en.wikisource.org/wiki/The_Death_of_Ivan_Ilych/II#:~:text=Ivan%20Ilych%27s%20life%20had%20been%20most%20simple%20and%20most%20ordinary%20and%20therefore%20most%20terrible		shift left + down	 	 	x			1
Tower	https://commons.wikimedia.org/wiki/File:Italian_Coast_Scene_with_Ruined_Tower-1838-Thomas_Cole.jpg	Andrew	\`It is said if a man ascended the tower, he could\rbathe in the dew of heaven.\rHere is what remains of their arrogance.\`	N/A	It is said if a man acended the tower, his children would be grown at the sumit and he could bathe in the dew of heaven. Here is what remains of their arrogance.	shift left	 	 	x			1
TraitorKing	https://upload.wikimedia.org/wikipedia/commons/1/1b/Luis_XIII%2C_rey_de_Francia_%28Philippe_de_Champaigne%29.jpg	Shakespeare (macbeth)	\`It will have blood, they say. Blood will have blood.\`	original quotation		shift down	 maybe need more speckle removal?	 	x			1
Usury	https://upload.wikimedia.org/wikipedia/commons/6/64/Massysm_Quentin_%E2%80%94_The_Moneylender_and_his_Wife_%E2%80%94_1514.jpg	Lorenzo de' Medici	\`What I have dreamed in an hour is worth more\rthan what you have done in four.\`	it is likely impossible to find who originally translated this		zoom out?	 	damage on blue	x			1
Void	https://en.wikipedia.org/wiki/File:Vasily_Perov_-_%D0%9F%D0%BE%D1%80%D1%82%D1%80%D0%B5%D1%82_%D0%A4.%D0%9C.%D0%94%D0%BE%D1%81%D1%82%D0%BE%D0%B5%D0%B2%D1%81%D0%BA%D0%BE%D0%B3%D0%BE_-_Google_Art_Project.jpg	Dostoyevsky	He wished they would shoot him quickly and have\rit done with.	https://www.gutenberg.org/cache/epub/2638/pg2638-images.html#:~:text=wished%20they%20would%20shoot%20him%20quickly%20and%20have%20done%20with%20it		 	 	 	x			1
War	https://commons.wikimedia.org/wiki/File:Hans_Larwin_-_Soldat_und_Tod_-_1917.jpg	Max von Schenkendorf "the iron cross" inspired Otto von Bismark's famous speech of "blood and iron"	Only iron can save us, And only blood can redeem\rFrom the heavy chains of sin, From the arrogance\rof evil.	https://www.zgedichte.de/gedichte/max-von-schenkendorf/das-eiserne-kreuz.html	 	zoom out, shift left	 speckles on skeleton	 	x			1
Waterworks	https://upload.wikimedia.org/wikipedia/commons/7/7a/De_doorbraak_van_de_Sint-Anthonisdijk_bij_Amsterdam_Dijkdoorbraak_te_zien_van_de_Amsterdamse_Sint_Anthonisdijk_-_nu_Zeeburgerdijk_-_ten_gevolge_van_de_Sint-Pietersvloed_in_1651%2C_SK-A-5030.jpg	bible	Behold, divine water rises and becomes an \roverflowing flood.	Jeremiah 47:2 https://www.kingjamesbibleonline.org/Jeremiah-Chapter-47/		change art? the water is obscured by text box	lots of cracking	 	x			1
WinterKing	https://upload.wikimedia.org/wikipedia/commons/d/d2/Friedrich_V._von_der_Pfalz.jpg	lord byron	\`Look on my Works, ye Mighty, and despair^!\`	https://en.wikipedia.org/wiki/Ozymandias		shift down	 	 	x			1
Wrath	https://upload.wikimedia.org/wikipedia/commons/3/33/Iv%C3%A1n_el_Terrible_y_su_hijo%2C_por_Ili%C3%A1_Repin.jpg	Dostoyevsky	Something awful, hideous, and suddenly\runderstood... Razumihin turned pale.	https://www.gutenberg.org/cache/epub/2554/pg2554-images.html#:~:text=something%20awful%2C%20hideous%2C%20and%20suddenly%20understood%20on%20both%20sides....%20Razumihin%20turned%20pale.		shift up	 	 	x			1
Zealot	https://commons.wikimedia.org/wiki/File:The_great_events_by_famous_historians_-_a_comprehensive_and_readable_account_of_the_world%27s_history,_emphasizing_the_more_important_events,_and_presenting_these_as_complete_narratives_in_the_(14782295575).jpg	Andrew	\`He was a heretic, I swear it^!\`	N/A		 	 blurry	 	x			1
												Percent Finished
												
												100
	Scène_de_bataille_Chasseurs_de_la_Garde.PNG (801×655) (wikimedia.org)					 						
	Detaille_Le_Rêve.jpg (2036×1523) (wikimedia.org)					 	 	 		 		
	A_Man_in_Armor_-_Rembrandt_Harmenszoon_van_Rijn.png (1024×1536) (wikimedia.org)					 	 	 		 		
	Snayers,_Pieter_-_Cavalry_Skirmish_-_Google_Art_Project.jpg (2501×1748) (wikimedia.org)					 	 	 		 		
	Licence MIDEN: Image (wordpress.com)					 	 	 		 		
	George_Ames_Aldrich_Nocturne_Church.jpg (1157×1170) (wikimedia.org)					 	 	 		 		
	1851_Lessing_Schuetzen_am_Engpass_anagoria.JPG (3045×3648) (wikimedia.org)					 	 	 		 		
	https://upload.wikimedia.org/wikipedia/commons/8/87/Workshop_of_Peter_Paul_Rubens_-_The_Feast_of_Herod.jpg					 	 	 		 		
	https://upload.wikimedia.org/wikipedia/commons/d/d0/Spanish_Armada_fireships.jpg					 	 	 		 		
	https://upload.wikimedia.org/wikipedia/commons/a/ae/JacopoTintoretto.YoungMan01.jpg					 	 	 		 		
	https://upload.wikimedia.org/wikipedia/commons/d/d3/Rocroi%2C_el_%C3%BAltimo_tercio%2C_por_Augusto_Ferrer-Dalmau.jpg					 	 	 		 		
	https://upload.wikimedia.org/wikipedia/commons/8/8f/Launch_of_fireships_against_the_Spanish_Armada%2C_7_August_1588_RMG_BHC0263.jpg					 	 	 		 		
	Valmy_Battle_painting.jpg (6926×4226) (wikimedia.org)					 	 	 		 		
	Vernet-Battle_of_Hanau.jpg (6948×4226) (wikimedia.org)					 	 	 		 		
	https://upload.wikimedia.org/wikipedia/commons/1/18/Charge_of_the_Light_Brigade.jpg											
	Józef Brandt - Wikimedia Commons					 	 	 		 		
	https://en.wikipedia.org/wiki/Sta%C5%84czyk#/media/File:Matejko-Gamrat_i_Sta%C5%84czyk.jpg											
	https://upload.wikimedia.org/wikipedia/commons/7/7a/Peter_Paul_Rubens%2C_%2C_Kunsthistorisches_Museum_Wien%2C_Gem%C3%A4ldegalerie_-_Philip_der_Sch%C3%B6ne_%281478-1506%29_-_GG_700_-_Kunsthistorisches_Museum.jpg					 	 	 		 		
	https://en.wikipedia.org/wiki/File:Butler_Lady_Quatre_Bras_1815.jpg					 	 	 		 		
	https://en.wikipedia.org/wiki/File:Thompson_laingsnek.jpg					 	 	 		 		
	https://upload.wikimedia.org/wikipedia/commons/b/b1/Willewalde_-_Czar%27s_Guard_capture_4th_line_regiment%27s_standard_at_Austerlitz.jpg											
	https://upload.wikimedia.org/wikipedia/commons/8/84/School_of_Michiel_Jansz._van_Mierevelt_001.jpg					 	 	 		 		
	https://upload.wikimedia.org/wikipedia/commons/2/26/John_Martin_-_The_Deluge_-_Google_Art_Project.jpg											
	https://en.wikipedia.org/wiki/User:DITWIN_GRIM#/media/File:Friedland,_1807_(1875)_Ernest_Meissonier.jpg											
	https://upload.wikimedia.org/wikipedia/commons/1/1e/Siege_of_Lisbon_by_Roque_Gameiro.jpg											
	https://upload.wikimedia.org/wikipedia/commons/9/9a/William_Simpson_-_Charge_of_the_light_cavalry_brigade%2C_25th_Oct._1854%2C_under_Major_General_the_Earl_of_Cardigan.jpg											
	https://upload.wikimedia.org/wikipedia/commons/a/a8/National_Museum_in_Poznan_-_Przej%C5%9Bcie_przez_Berezyn%C4%99.JPG											
	https://upload.wikimedia.org/wikipedia/commons/d/da/Dutch_Soldiers_at_the_Battle_of_Berezina.jpg											
	https://upload.wikimedia.org/wikipedia/commons/d/db/Crossing_the_Berezina_River%2C_by_Peter_von_Hess.jpg											
	https://en.wikiquote.org/wiki/File:Matejko_Hanging_of_the_Zygmunt_bell.jpg											
	https://commons.wikimedia.org/wiki/File:Cuirassiers_1805_Meissonier_Chantilly.jpg											
	Christian Sell | 136 Artworks | MutualArt					 	 	 		 		
	https://upload.wikimedia.org/wikipedia/commons/thumb/4/4d/Saint_Jerome_Writing-Caravaggio_(1605-6).jpg/1200px-Saint_Jerome_Writing-Caravaggio_(1605-6).jpg											
	https://en.wikipedia.org/wiki/Reply_of_the_Zaporozhian_Cossacks											
	https://upload.wikimedia.org/wikipedia/commons/7/79/Salvator_Rosa_-_The_Witches%27_Sabbath_-_BF.1982.7_-_Museum_of_Fine_Arts.jpg											
	https://pbs.twimg.com/media/FUC_JrEX0AAi8Rq.jpg:large											
	Cuadro_-Calderote-_Primera_Guerra_Carlistas_by_Ferrer_Dalmau.jpg (2000×1143) (wikimedia.org)					 	 	 		 		
	https://commons.wikimedia.org/wiki/File:La_caza_salvaje_de_Od%C3%ADn,_por_Peter_Nicolai_Arbo.jpg					 	 	 		 		
												
												
	Alexander/Juggernaut art alternatives											
	https://commons.wikimedia.org/wiki/File:Alexander_of_macedon_trust%27s_the_doctor_Philip,_Henryk_Siemiradzki.jpg											
	https://commons.wikimedia.org/wiki/File:Giovanni_Paolo_Panini_(1691-1765)_-_Alexander_and_the_Gordian_Knot_-_266897_-_National_Trust.jpg											
	https://commons.wikimedia.org/wiki/File:Caspar_de_Crayer_Alexander_and_Diogenes.jpg											
	https://upload.wikimedia.org/wikipedia/commons/3/3e/Pietro_da_Cortona_-_Battle_of_Alexander_versus_Darius_%28panorama%29.png											
	https://upload.wikimedia.org/wikipedia/commons/1/1a/Carl_Theodor_von_Piloty_-_Alexander_der_Gro%C3%9Fe_nimmt_sterbend_Abschied_von_seinem_Heere_%28ca._1886%29.jpg	May want ot replace demise with this painting, not sure which one I like better										
	https://commons.wikimedia.org/wiki/File:Nicolaes_Berchem_-_The_army_of_Porus_and_its_elephants_are_conquered_by_Alexander_239N09812_9NLB3.jpg											
	https://commons.wikimedia.org/wiki/File:Charles_Le_Brun_-_The_Family_of_Darius_before_Alexander_-_WGA12532.jpg											
	https://en.wikipedia.org/wiki/File:Le%C3%B3nidas_en_las_Term%C3%B3pilas,_por_Jacques-Louis_David.jpg	I										
	https://en.wikipedia.org/wiki/File:Jacques-Louis_David_-_Oath_of_the_Horatii_-_Google_Art_Project.jpg											
	https://en.wikipedia.org/wiki/File:John_Martin_-_Joshua_Commanding_the_Sun_to_Stand_Still_-_Google_Art_Project.jpg											
	https://upload.wikimedia.org/wikipedia/commons/0/08/John_Martin_Le_Pandemonium_Louvre.JPG											
	https://en.wikipedia.org/wiki/File:John_Martin_-_Destruction_of_Tyre_-_Google_Art_Project.jpg											
	https://upload.wikimedia.org/wikipedia/commons/d/de/Sadak_in_Search_of_the_Waters_of_Oblivion.jpg											
												
				https://en.wikipedia.org/wiki/St_Crispin%27s_Day_Speech#:~:text=But%20if%20it%20be%20a%20sin%20to%20covet%20honour%2C%0AI%20am%20the%20most%20offending%20soul%20alive.								
												
			 	https://en.wikipedia.org/wiki/St_Crispin%27s_Day_Speech#:~:text=From%20this%20day%20to%20the%20ending%20of%20the%20world%2C%0ABut%20we%20in%20it%20shall%20be%20remember%C3%A8d%E2%80%94%0AWe%20few%2C%20we%20happy%20few%2C%20we%20band%20of%20brothers%3B%0AFor%20he%20to%2Dday%20that%20sheds%20his%20blood%20with%20me%0AShall%20be%20my%20brother%3B	 							
												
												
												
												
	Horse guys											
	https://en.mng.hu/app/uploads/2019/01/28923.jpg			https://www.gutenberg.org/cache/epub/2554/pg2554-images.html#:~:text=%E2%80%9CYou%E2%80%99re%20a%20gentleman%2C%E2%80%9D%20they%20used%20to%20say.%20%E2%80%9CYou%20shouldn%E2%80%99t%20hack%20about%20with%20an%20axe%3B%20that%E2%80%99s%20not%20a%20gentleman%E2%80%99s%20work.%E2%80%9D								
	https://www.simonis-buunk.nl/images/art/large/23206.jpg			https://www.gutenberg.org/cache/epub/2554/pg2554-images.html#:~:text=and%20your%20worst%20sin%20is%20that%20you%20have%20destroyed%20and%20betrayed%20yourself%20for%20nothing								
	https://sun9-77.userapi.com/impf/c626519/v626519062/51fb3/iIWqQZaKOKo.jpg?size=450x450&quality=96&sign=91cbed1201c67555eb36727fbc3247bc&c_uniq_tag=lF_EQjUieip12YBZjUTD5JEWyFnHaAd5N19RA10MeYk&type=album											
	https://i.pinimg.com/originals/69/d3/6c/69d36cdaa0386ba9be5b99a15aa0efd9.jpg											
	https://upload.wikimedia.org/wikipedia/commons/thumb/c/cd/Simonis_%26_Buunk_%E2%80%93_Hermanus_Willem_Koekkoek_%E2%80%93_Trumpeter_of_the_Dutch_field_artillery.jpg/800px-Simonis_%26_Buunk_%E2%80%93_Hermanus_Willem_Koekkoek_%E2%80%93_Trumpeter_of_the_Dutch_field_artillery.jpg			If the devil exists he has been created in our own image as we were in God's, The copy is a copy is a copy								
	https://upload.wikimedia.org/wikipedia/commons/f/f6/Emil_H%C3%BCnten_-_Kaiser_Wilhelm_I_und_Kronprinz_Friedrich_zu_Pferde.jpg			https://www.gutenberg.org/cache/epub/2554/pg2554-images.html#:~:text=the%20new%20life%20would%20not%20be%20given%20him%20for%20nothing%2C%20that%20he%20would%20have%20to%20pay%20dearly%20for%20it%2C%20that%20it%20would%20cost%20him%20great%20striving%2C%20great%20suffering.								
	https://fantlab.ru/messages/303/3035/30350/3035049/%D0%A8%D0%BF%D0%B8%D0%BE%D0%BD%2003.jpg											
	https://upload.wikimedia.org/wikipedia/commons/a/a9/A_Cavalryman_MET_ep15.30.20.R.jpg											
	https://upload.wikimedia.org/wikipedia/commons/9/91/Simonis_%26_Buunk_%E2%80%93_Hermanus_Willem_Koekkoek_%E2%80%93_Red_Hussars_on_horseback.jpg											
	https://upload.wikimedia.org/wikipedia/commons/6/63/Alphonse_de_Neuville_1878_capitaine_de_dragons.JPG											
	https://live.staticflickr.com/1654/25915055193_f3f867fa3b_b.jpg											
	https://media.mutualart.com/Images/2016_08/26/11/111717191/9bc34c00-5d9a-471e-a993-d9309d183b42.Jpeg			https://en.wikiquote.org/wiki/Alexis_de_Tocqueville#:~:text=Ne%20voyez%2Dvous%20pas%20que%20la%20terre								
												
												
												
												
												
				I'm pretty sure we can use this since I cannot find the original source of the translation or the original letter, and lots of people quote it on the internet, but i am unsure if it seems too risky go with second quote								
				https://www.kingjamesbibleonline.org/Matthew-23-37/								